"","rules","support","confidence","lift"
"8","{hardness=(0 to 45]} => {class=3}",0.0664160401002506,1,1.3125
"31","{carbon=[>0]} => {class=3}",0.081453634085213,0.955882352941177,1.25459558823529
"42","{thick=[>2.5]} => {class=3}",0.0864661654135338,0.851851851851852,1.11805555555556
"49","{thick=(0.699 to 0.7]} => {class=3}",0.102756892230576,1,1.3125
"70","{thick=(0.6 to 0.699]} => {class=3}",0.119047619047619,1,1.3125
"88","{width=(1300 to 1320]} => {class=3}",0.149122807017544,0.875,1.1484375
"94","{len=[>4170]} => {class=3}",0.146616541353383,0.806896551724138,1.05905172413793
"100","{len=(759 to 762]} => {class=3}",0.175438596491228,0.8,1.05
"111","{width=(609.9 to 610]} => {class=3}",0.244360902255639,0.776892430278884,1.01967131474104
"118","{shape=coil} => {class=3}",0.369674185463659,0.803814713896458,1.0550068119891
"123","{len=[<=0]} => {class=3}",0.3734335839599,0.803234501347709,1.05424528301887
"133","{steel=a} => {class=3}",0.453634085213033,0.792122538293217,1.03966083150985
"145","{strength=[<=0]} => {class=3}",0.720551378446115,0.775978407557355,1.01847165991903
"160","{hardness=(0 to 45],steel=a} => {class=3}",0.0664160401002506,1,1.3125
"169","{carbon=[<=0],hardness=(0 to 45]} => {class=3}",0.0664160401002506,1,1.3125
"171","{hardness=(0 to 45],strength=[<=0]} => {class=3}",0.0664160401002506,1,1.3125
"173","{hardness=(0 to 45],bore=[<=0]} => {class=3}",0.0664160401002506,1,1.3125
"240","{carbon=[>0],shape=coil} => {class=3}",0.068922305764411,0.948275862068966,1.24461206896552
"246","{carbon=[>0],len=[<=0]} => {class=3}",0.068922305764411,0.948275862068966,1.24461206896552
"253","{carbon=[>0],hardness=[<=0]} => {class=3}",0.081453634085213,0.955882352941177,1.25459558823529
"255","{carbon=[>0],strength=[<=0]} => {class=3}",0.081453634085213,0.955882352941177,1.25459558823529
"257","{carbon=[>0],bore=[<=0]} => {class=3}",0.0651629072681704,0.945454545454545,1.24090909090909
"285","{hardness=[<=0],thick=[>2.5]} => {class=3}",0.075187969924812,0.983606557377049,1.29098360655738
"287","{carbon=[<=0],thick=[>2.5]} => {class=3}",0.0739348370927318,0.842857142857143,1.10625
"289","{strength=[<=0],thick=[>2.5]} => {class=3}",0.0839598997493734,0.848101265822785,1.1131329113924
"291","{thick=[>2.5],bore=[<=0]} => {class=3}",0.0676691729323308,0.885245901639344,1.16188524590164
"304","{thick=(0.699 to 0.7],shape=sheet} => {class=3}",0.0676691729323308,1,1.3125
"312","{thick=(0.699 to 0.7],steel=a} => {class=3}",0.068922305764411,1,1.3125
"321","{hardness=[<=0],thick=(0.699 to 0.7]} => {class=3}",0.0839598997493734,1,1.3125
"323","{carbon=[<=0],thick=(0.699 to 0.7]} => {class=3}",0.101503759398496,1,1.3125
"325","{strength=[<=0],thick=(0.699 to 0.7]} => {class=3}",0.102756892230576,1,1.3125
"327","{thick=(0.699 to 0.7],bore=[<=0]} => {class=3}",0.102756892230576,1,1.3125
"394","{thick=(0.6 to 0.699],shape=sheet} => {class=3}",0.0714285714285714,1,1.3125
"404","{thick=(0.6 to 0.699],steel=a} => {class=3}",0.0764411027568922,1,1.3125
"413","{hardness=[<=0],thick=(0.6 to 0.699]} => {class=3}",0.0964912280701754,1,1.3125
"415","{carbon=[<=0],thick=(0.6 to 0.699]} => {class=3}",0.117794486215539,1,1.3125
"417","{strength=[<=0],thick=(0.6 to 0.699]} => {class=3}",0.119047619047619,1,1.3125
"419","{thick=(0.6 to 0.699],bore=[<=0]} => {class=3}",0.119047619047619,1,1.3125
"479","{width=(375 to 609.9],shape=sheet} => {class=3}",0.06265664160401,0.819672131147541,1.07581967213115
"494","{hardness=[<=0],width=(375 to 609.9]} => {class=3}",0.0989974937343358,0.79,1.036875
"496","{carbon=[<=0],width=(375 to 609.9]} => {class=3}",0.114035087719298,0.771186440677966,1.01218220338983
"498","{strength=[<=0],width=(375 to 609.9]} => {class=3}",0.107769423558897,0.788990825688073,1.0355504587156
"517","{width=(1300 to 1320],shape=coil} => {class=3}",0.0651629072681704,0.962962962962963,1.26388888888889
"520","{width=(1300 to 1320],len=[<=0]} => {class=3}",0.0651629072681704,0.962962962962963,1.26388888888889
"523","{width=(1300 to 1320],shape=sheet} => {class=3}",0.0839598997493734,0.817073170731707,1.07240853658537
"531","{width=(1300 to 1320],steel=a} => {class=3}",0.0952380952380952,0.974358974358974,1.27884615384615
"538","{hardness=[<=0],width=(1300 to 1320]} => {class=3}",0.112781954887218,0.849056603773585,1.11438679245283
"540","{carbon=[<=0],width=(1300 to 1320]} => {class=3}",0.144110275689223,0.877862595419847,1.15219465648855
"542","{strength=[<=0],width=(1300 to 1320]} => {class=3}",0.140350877192982,0.875,1.1484375
"544","{width=(1300 to 1320],bore=[<=0]} => {class=3}",0.144110275689223,0.871212121212121,1.14346590909091
"566","{len=[>4170],shape=sheet} => {class=3}",0.146616541353383,0.806896551724138,1.05905172413793
"576","{len=[>4170],steel=a} => {class=3}",0.0952380952380952,0.883720930232558,1.15988372093023
"585","{hardness=[<=0],len=[>4170]} => {class=3}",0.121553884711779,0.795081967213115,1.04354508196721
"587","{carbon=[<=0],len=[>4170]} => {class=3}",0.140350877192982,0.8,1.05
"589","{strength=[<=0],len=[>4170]} => {class=3}",0.140350877192982,0.817518248175182,1.07299270072993
"591","{len=[>4170],bore=[<=0]} => {class=3}",0.146616541353383,0.806896551724138,1.05905172413793
"616","{len=(759 to 762],shape=sheet} => {class=3}",0.175438596491228,0.8,1.05
"626","{len=(759 to 762],steel=a} => {class=3}",0.107769423558897,0.843137254901961,1.10661764705882
"635","{hardness=[<=0],len=(759 to 762]} => {class=3}",0.147869674185464,0.791946308724832,1.03942953020134
"637","{carbon=[<=0],len=(759 to 762]} => {class=3}",0.169172932330827,0.794117647058823,1.04227941176471
"639","{strength=[<=0],len=(759 to 762]} => {class=3}",0.166666666666667,0.801204819277108,1.0515813253012
"641","{len=(759 to 762],bore=[<=0]} => {class=3}",0.175438596491228,0.8,1.05
"662","{steel=r,shape=coil} => {class=3}",0.0852130325814536,0.860759493670886,1.12974683544304
"667","{len=[<=0],steel=r} => {class=3}",0.0852130325814536,0.860759493670886,1.12974683544304
"704","{width=(609.9 to 610],shape=coil} => {class=3}",0.111528822055138,0.855769230769231,1.12319711538462
"710","{width=(609.9 to 610],len=[<=0]} => {class=3}",0.111528822055138,0.855769230769231,1.12319711538462
"723","{width=(609.9 to 610],steel=a} => {class=3}",0.151629072681704,0.82312925170068,1.08035714285714
"736","{strength=[<=0],width=(609.9 to 610]} => {class=3}",0.234335839598997,0.782426778242678,1.02693514644351
"738","{width=(609.9 to 610],bore=[<=0]} => {class=3}",0.230576441102757,0.773109243697479,1.01470588235294
"753","{len=[<=0],shape=coil} => {class=3}",0.369674185463659,0.803814713896458,1.0550068119891
"768","{steel=a,shape=coil} => {class=3}",0.206766917293233,0.771028037383178,1.01197429906542
"776","{hardness=[<=0],shape=coil} => {class=3}",0.278195488721804,0.804347826086957,1.05570652173913
"778","{carbon=[<=0],shape=coil} => {class=3}",0.300751879699248,0.776699029126214,1.01941747572816
"780","{strength=[<=0],shape=coil} => {class=3}",0.343358395989975,0.817910447761194,1.07350746268657
"782","{bore=[<=0],shape=coil} => {class=3}",0.327067669172932,0.795731707317073,1.04439786585366
"795","{len=[<=0],steel=a} => {class=3}",0.210526315789474,0.770642201834862,1.01146788990826
"803","{hardness=[<=0],len=[<=0]} => {class=3}",0.281954887218045,0.806451612903226,1.05846774193548
"805","{carbon=[<=0],len=[<=0]} => {class=3}",0.304511278195489,0.776357827476038,1.0189696485623
"807","{strength=[<=0],len=[<=0]} => {class=3}",0.347117794486216,0.817109144542773,1.07245575221239
"809","{len=[<=0],bore=[<=0]} => {class=3}",0.330827067669173,0.795180722891566,1.04367469879518
"822","{steel=a,shape=sheet} => {class=3}",0.246867167919799,0.810699588477366,1.06404320987654
"850","{hardness=[<=0],steel=a} => {class=3}",0.295739348370927,0.789297658862876,1.03595317725753
"852","{carbon=[<=0],steel=a} => {class=3}",0.446115288220551,0.794642857142857,1.04296875
"855","{strength=[<=0],steel=a} => {class=3}",0.447368421052632,0.789823008849557,1.03664269911504
"858","{bore=[<=0],steel=a} => {class=3}",0.43859649122807,0.795454545454545,1.04403409090909
"880","{hardness=[<=0],strength=[<=0]} => {class=3}",0.56265664160401,0.770154373927959,1.01082761578045
"892","{strength=[<=0],bore=[<=0]} => {class=3}",0.682957393483709,0.771954674220963,1.01319050991501
"906","{carbon=[<=0],hardness=(0 to 45],steel=a} => {class=3}",0.0664160401002506,1,1.3125
"909","{hardness=(0 to 45],strength=[<=0],steel=a} => {class=3}",0.0664160401002506,1,1.3125
"912","{hardness=(0 to 45],bore=[<=0],steel=a} => {class=3}",0.0664160401002506,1,1.3125
"925","{carbon=[<=0],hardness=(0 to 45],strength=[<=0]} => {class=3}",0.0664160401002506,1,1.3125
"928","{carbon=[<=0],hardness=(0 to 45],bore=[<=0]} => {class=3}",0.0664160401002506,1,1.3125
"931","{hardness=(0 to 45],strength=[<=0],bore=[<=0]} => {class=3}",0.0664160401002506,1,1.3125
"1010","{carbon=[>0],len=[<=0],shape=coil} => {class=3}",0.068922305764411,0.948275862068966,1.24461206896552
"1020","{carbon=[>0],hardness=[<=0],shape=coil} => {class=3}",0.068922305764411,0.948275862068966,1.24461206896552
"1023","{carbon=[>0],strength=[<=0],shape=coil} => {class=3}",0.068922305764411,0.948275862068966,1.24461206896552
"1029","{carbon=[>0],hardness=[<=0],len=[<=0]} => {class=3}",0.068922305764411,0.948275862068966,1.24461206896552
"1032","{carbon=[>0],strength=[<=0],len=[<=0]} => {class=3}",0.068922305764411,0.948275862068966,1.24461206896552
"1039","{carbon=[>0],hardness=[<=0],strength=[<=0]} => {class=3}",0.081453634085213,0.955882352941177,1.25459558823529
"1042","{carbon=[>0],hardness=[<=0],bore=[<=0]} => {class=3}",0.0651629072681704,0.945454545454545,1.24090909090909
"1045","{carbon=[>0],strength=[<=0],bore=[<=0]} => {class=3}",0.0651629072681704,0.945454545454545,1.24090909090909
"1060","{carbon=[<=0],hardness=[<=0],thick=[>2.5]} => {class=3}",0.06265664160401,1,1.3125
"1063","{hardness=[<=0],strength=[<=0],thick=[>2.5]} => {class=3}",0.0726817042606516,0.983050847457627,1.29025423728814
"1066","{hardness=[<=0],thick=[>2.5],bore=[<=0]} => {class=3}",0.0601503759398496,0.979591836734694,1.28571428571429
"1069","{carbon=[<=0],strength=[<=0],thick=[>2.5]} => {class=3}",0.0714285714285714,0.838235294117647,1.10018382352941
"1072","{carbon=[<=0],thick=[>2.5],bore=[<=0]} => {class=3}",0.06265664160401,0.892857142857143,1.171875
"1075","{strength=[<=0],thick=[>2.5],bore=[<=0]} => {class=3}",0.0651629072681704,0.88135593220339,1.15677966101695
"1083","{carbon=[<=0],thick=(0.699 to 0.7],shape=sheet} => {class=3}",0.0676691729323308,1,1.3125
"1086","{strength=[<=0],thick=(0.699 to 0.7],shape=sheet} => {class=3}",0.0676691729323308,1,1.3125
"1089","{thick=(0.699 to 0.7],bore=[<=0],shape=sheet} => {class=3}",0.0676691729323308,1,1.3125
"1101","{carbon=[<=0],thick=(0.699 to 0.7],steel=a} => {class=3}",0.0676691729323308,1,1.3125
"1104","{strength=[<=0],thick=(0.699 to 0.7],steel=a} => {class=3}",0.068922305764411,1,1.3125
"1107","{thick=(0.699 to 0.7],bore=[<=0],steel=a} => {class=3}",0.068922305764411,1,1.3125
"1120","{carbon=[<=0],hardness=[<=0],thick=(0.699 to 0.7]} => {class=3}",0.0827067669172932,1,1.3125
"1123","{hardness=[<=0],strength=[<=0],thick=(0.699 to 0.7]} => {class=3}",0.0839598997493734,1,1.3125
"1126","{hardness=[<=0],thick=(0.699 to 0.7],bore=[<=0]} => {class=3}",0.0839598997493734,1,1.3125
"1129","{carbon=[<=0],strength=[<=0],thick=(0.699 to 0.7]} => {class=3}",0.101503759398496,1,1.3125
"1132","{carbon=[<=0],thick=(0.699 to 0.7],bore=[<=0]} => {class=3}",0.101503759398496,1,1.3125
"1135","{strength=[<=0],thick=(0.699 to 0.7],bore=[<=0]} => {class=3}",0.102756892230576,1,1.3125
"1233","{hardness=[<=0],thick=(0.6 to 0.699],shape=sheet} => {class=3}",0.0601503759398496,1,1.3125
"1236","{carbon=[<=0],thick=(0.6 to 0.699],shape=sheet} => {class=3}",0.0714285714285714,1,1.3125
"1239","{strength=[<=0],thick=(0.6 to 0.699],shape=sheet} => {class=3}",0.0714285714285714,1,1.3125
"1242","{thick=(0.6 to 0.699],bore=[<=0],shape=sheet} => {class=3}",0.0714285714285714,1,1.3125
"1263","{carbon=[<=0],thick=(0.6 to 0.699],steel=a} => {class=3}",0.075187969924812,1,1.3125
"1266","{strength=[<=0],thick=(0.6 to 0.699],steel=a} => {class=3}",0.0764411027568922,1,1.3125
"1269","{thick=(0.6 to 0.699],bore=[<=0],steel=a} => {class=3}",0.0764411027568922,1,1.3125
"1282","{carbon=[<=0],hardness=[<=0],thick=(0.6 to 0.699]} => {class=3}",0.0952380952380952,1,1.3125
"1285","{hardness=[<=0],strength=[<=0],thick=(0.6 to 0.699]} => {class=3}",0.0964912280701754,1,1.3125
"1288","{hardness=[<=0],thick=(0.6 to 0.699],bore=[<=0]} => {class=3}",0.0964912280701754,1,1.3125
"1291","{carbon=[<=0],strength=[<=0],thick=(0.6 to 0.699]} => {class=3}",0.117794486215539,1,1.3125
"1294","{carbon=[<=0],thick=(0.6 to 0.699],bore=[<=0]} => {class=3}",0.117794486215539,1,1.3125
"1297","{strength=[<=0],thick=(0.6 to 0.699],bore=[<=0]} => {class=3}",0.119047619047619,1,1.3125
"1414","{carbon=[<=0],width=(375 to 609.9],shape=sheet} => {class=3}",0.06265664160401,0.819672131147541,1.07581967213115
"1416","{strength=[<=0],width=(375 to 609.9],shape=sheet} => {class=3}",0.06265664160401,0.862068965517241,1.13146551724138
"1418","{width=(375 to 609.9],bore=[<=0],shape=sheet} => {class=3}",0.06265664160401,0.819672131147541,1.07581967213115
"1458","{carbon=[<=0],hardness=[<=0],width=(375 to 609.9]} => {class=3}",0.0977443609022556,0.795918367346939,1.04464285714286
"1461","{hardness=[<=0],strength=[<=0],width=(375 to 609.9]} => {class=3}",0.0914786967418546,0.820224719101124,1.07654494382022
"1464","{hardness=[<=0],width=(375 to 609.9],bore=[<=0]} => {class=3}",0.0989974937343358,0.79,1.036875
"1467","{carbon=[<=0],strength=[<=0],width=(375 to 609.9]} => {class=3}",0.106516290726817,0.794392523364486,1.04264018691589
"1470","{carbon=[<=0],width=(375 to 609.9],bore=[<=0]} => {class=3}",0.114035087719298,0.771186440677966,1.01218220338983
"1473","{strength=[<=0],width=(375 to 609.9],bore=[<=0]} => {class=3}",0.107769423558897,0.788990825688073,1.0355504587156
"1488","{width=(1300 to 1320],len=[<=0],shape=coil} => {class=3}",0.0651629072681704,0.962962962962963,1.26388888888889
"1498","{carbon=[<=0],width=(1300 to 1320],shape=coil} => {class=3}",0.0651629072681704,0.981132075471698,1.2877358490566
"1500","{width=(1300 to 1320],bore=[<=0],shape=coil} => {class=3}",0.0601503759398496,0.96,1.26
"1504","{carbon=[<=0],width=(1300 to 1320],len=[<=0]} => {class=3}",0.0651629072681704,0.981132075471698,1.2877358490566
"1506","{width=(1300 to 1320],len=[<=0],bore=[<=0]} => {class=3}",0.0601503759398496,0.96,1.26
"1510","{hardness=[<=0],width=(1300 to 1320],shape=sheet} => {class=3}",0.0676691729323308,0.794117647058823,1.04227941176471
"1513","{carbon=[<=0],width=(1300 to 1320],shape=sheet} => {class=3}",0.0789473684210526,0.807692307692308,1.06009615384615
"1515","{strength=[<=0],width=(1300 to 1320],shape=sheet} => {class=3}",0.0839598997493734,0.827160493827161,1.08564814814815
"1517","{width=(1300 to 1320],bore=[<=0],shape=sheet} => {class=3}",0.0839598997493734,0.817073170731707,1.07240853658537
"1537","{carbon=[<=0],width=(1300 to 1320],steel=a} => {class=3}",0.0952380952380952,0.987012987012987,1.29545454545455
"1540","{strength=[<=0],width=(1300 to 1320],steel=a} => {class=3}",0.0914786967418546,0.973333333333333,1.2775
"1543","{width=(1300 to 1320],bore=[<=0],steel=a} => {class=3}",0.0902255639097744,0.972972972972973,1.27702702702703
"1556","{carbon=[<=0],hardness=[<=0],width=(1300 to 1320]} => {class=3}",0.107769423558897,0.851485148514851,1.11757425742574
"1559","{hardness=[<=0],strength=[<=0],width=(1300 to 1320]} => {class=3}",0.104010025062657,0.846938775510204,1.11160714285714
"1562","{hardness=[<=0],width=(1300 to 1320],bore=[<=0]} => {class=3}",0.112781954887218,0.849056603773585,1.11438679245283
"1565","{carbon=[<=0],strength=[<=0],width=(1300 to 1320]} => {class=3}",0.135338345864662,0.878048780487805,1.15243902439024
"1568","{carbon=[<=0],width=(1300 to 1320],bore=[<=0]} => {class=3}",0.139097744360902,0.874015748031496,1.14714566929134
"1571","{strength=[<=0],width=(1300 to 1320],bore=[<=0]} => {class=3}",0.135338345864662,0.870967741935484,1.14314516129032
"1606","{len=[>4170],steel=a,shape=sheet} => {class=3}",0.0952380952380952,0.883720930232558,1.15988372093023
"1620","{hardness=[<=0],len=[>4170],shape=sheet} => {class=3}",0.121553884711779,0.795081967213115,1.04354508196721
"1623","{carbon=[<=0],len=[>4170],shape=sheet} => {class=3}",0.140350877192982,0.8,1.05
"1626","{strength=[<=0],len=[>4170],shape=sheet} => {class=3}",0.140350877192982,0.817518248175182,1.07299270072993
"1629","{len=[>4170],bore=[<=0],shape=sheet} => {class=3}",0.146616541353383,0.806896551724138,1.05905172413793
"1650","{hardness=[<=0],len=[>4170],steel=a} => {class=3}",0.0701754385964912,0.888888888888889,1.16666666666667
"1652","{carbon=[<=0],len=[>4170],steel=a} => {class=3}",0.0952380952380952,0.883720930232558,1.15988372093023
"1655","{strength=[<=0],len=[>4170],steel=a} => {class=3}",0.0952380952380952,0.883720930232558,1.15988372093023
"1658","{len=[>4170],bore=[<=0],steel=a} => {class=3}",0.0952380952380952,0.883720930232558,1.15988372093023
"1677","{carbon=[<=0],hardness=[<=0],len=[>4170]} => {class=3}",0.115288220551378,0.786324786324786,1.03205128205128
"1680","{hardness=[<=0],strength=[<=0],len=[>4170]} => {class=3}",0.115288220551378,0.807017543859649,1.05921052631579
"1683","{hardness=[<=0],len=[>4170],bore=[<=0]} => {class=3}",0.121553884711779,0.795081967213115,1.04354508196721
"1686","{carbon=[<=0],strength=[<=0],len=[>4170]} => {class=3}",0.134085213032581,0.810606060606061,1.06392045454545
"1689","{carbon=[<=0],len=[>4170],bore=[<=0]} => {class=3}",0.140350877192982,0.8,1.05
"1692","{strength=[<=0],len=[>4170],bore=[<=0]} => {class=3}",0.140350877192982,0.817518248175182,1.07299270072993
"1749","{len=(759 to 762],steel=a,shape=sheet} => {class=3}",0.107769423558897,0.843137254901961,1.10661764705882
"1763","{hardness=[<=0],len=(759 to 762],shape=sheet} => {class=3}",0.147869674185464,0.791946308724832,1.03942953020134
"1766","{carbon=[<=0],len=(759 to 762],shape=sheet} => {class=3}",0.169172932330827,0.794117647058823,1.04227941176471
"1769","{strength=[<=0],len=(759 to 762],shape=sheet} => {class=3}",0.166666666666667,0.801204819277108,1.0515813253012
"1772","{len=(759 to 762],bore=[<=0],shape=sheet} => {class=3}",0.175438596491228,0.8,1.05
"1793","{hardness=[<=0],len=(759 to 762],steel=a} => {class=3}",0.0802005012531328,0.842105263157895,1.10526315789474
"1795","{carbon=[<=0],len=(759 to 762],steel=a} => {class=3}",0.107769423558897,0.843137254901961,1.10661764705882
"1798","{strength=[<=0],len=(759 to 762],steel=a} => {class=3}",0.107769423558897,0.843137254901961,1.10661764705882
"1801","{len=(759 to 762],bore=[<=0],steel=a} => {class=3}",0.107769423558897,0.843137254901961,1.10661764705882
"1820","{carbon=[<=0],hardness=[<=0],len=(759 to 762]} => {class=3}",0.141604010025063,0.784722222222222,1.02994791666667
"1823","{hardness=[<=0],strength=[<=0],len=(759 to 762]} => {class=3}",0.139097744360902,0.792857142857143,1.040625
"1826","{hardness=[<=0],len=(759 to 762],bore=[<=0]} => {class=3}",0.147869674185464,0.791946308724832,1.03942953020134
"1829","{carbon=[<=0],strength=[<=0],len=(759 to 762]} => {class=3}",0.160401002506266,0.795031055900621,1.04347826086957
"1832","{carbon=[<=0],len=(759 to 762],bore=[<=0]} => {class=3}",0.169172932330827,0.794117647058823,1.04227941176471
"1835","{strength=[<=0],len=(759 to 762],bore=[<=0]} => {class=3}",0.166666666666667,0.801204819277108,1.0515813253012
"1876","{len=[<=0],steel=r,shape=coil} => {class=3}",0.0852130325814536,0.860759493670886,1.12974683544304
"1892","{hardness=[<=0],steel=r,shape=coil} => {class=3}",0.0852130325814536,0.860759493670886,1.12974683544304
"1894","{carbon=[<=0],steel=r,shape=coil} => {class=3}",0.0802005012531328,0.853333333333333,1.12
"1896","{strength=[<=0],steel=r,shape=coil} => {class=3}",0.0827067669172932,0.88,1.155
"1898","{bore=[<=0],steel=r,shape=coil} => {class=3}",0.0789473684210526,0.851351351351351,1.11739864864865
"1912","{hardness=[<=0],len=[<=0],steel=r} => {class=3}",0.0852130325814536,0.860759493670886,1.12974683544304
"1914","{carbon=[<=0],len=[<=0],steel=r} => {class=3}",0.0802005012531328,0.853333333333333,1.12
"1916","{strength=[<=0],len=[<=0],steel=r} => {class=3}",0.0827067669172932,0.88,1.155
"1918","{len=[<=0],bore=[<=0],steel=r} => {class=3}",0.0789473684210526,0.851351351351351,1.11739864864865
"1992","{width=(609.9 to 610],len=[<=0],shape=coil} => {class=3}",0.111528822055138,0.855769230769231,1.12319711538462
"2007","{width=(609.9 to 610],steel=a,shape=coil} => {class=3}",0.0676691729323308,0.830769230769231,1.09038461538462
"2016","{hardness=[<=0],width=(609.9 to 610],shape=coil} => {class=3}",0.0764411027568922,0.847222222222222,1.11197916666667
"2018","{carbon=[<=0],width=(609.9 to 610],shape=coil} => {class=3}",0.0964912280701754,0.846153846153846,1.11057692307692
"2020","{strength=[<=0],width=(609.9 to 610],shape=coil} => {class=3}",0.106516290726817,0.85,1.115625
"2022","{width=(609.9 to 610],bore=[<=0],shape=coil} => {class=3}",0.0977443609022556,0.857142857142857,1.125
"2035","{width=(609.9 to 610],len=[<=0],steel=a} => {class=3}",0.0676691729323308,0.830769230769231,1.09038461538462
"2044","{hardness=[<=0],width=(609.9 to 610],len=[<=0]} => {class=3}",0.0764411027568922,0.847222222222222,1.11197916666667
"2046","{carbon=[<=0],width=(609.9 to 610],len=[<=0]} => {class=3}",0.0964912280701754,0.846153846153846,1.11057692307692
"2048","{strength=[<=0],width=(609.9 to 610],len=[<=0]} => {class=3}",0.106516290726817,0.85,1.115625
"2050","{width=(609.9 to 610],len=[<=0],bore=[<=0]} => {class=3}",0.0977443609022556,0.857142857142857,1.125
"2063","{width=(609.9 to 610],steel=a,shape=sheet} => {class=3}",0.0839598997493734,0.817073170731707,1.07240853658537
"2097","{hardness=[<=0],width=(609.9 to 610],steel=a} => {class=3}",0.0977443609022556,0.795918367346939,1.04464285714286
"2099","{carbon=[<=0],width=(609.9 to 610],steel=a} => {class=3}",0.150375939849624,0.827586206896552,1.08620689655172
"2102","{strength=[<=0],width=(609.9 to 610],steel=a} => {class=3}",0.150375939849624,0.821917808219178,1.07876712328767
"2105","{width=(609.9 to 610],bore=[<=0],steel=a} => {class=3}",0.144110275689223,0.827338129496403,1.08588129496403
"2139","{strength=[<=0],width=(609.9 to 610],bore=[<=0]} => {class=3}",0.223057644110276,0.780701754385965,1.02467105263158
"2152","{len=[<=0],steel=a,shape=coil} => {class=3}",0.206766917293233,0.771028037383178,1.01197429906542
"2170","{hardness=[<=0],len=[<=0],shape=coil} => {class=3}",0.278195488721804,0.804347826086957,1.05570652173913
"2174","{carbon=[<=0],len=[<=0],shape=coil} => {class=3}",0.300751879699248,0.776699029126214,1.01941747572816
"2178","{strength=[<=0],len=[<=0],shape=coil} => {class=3}",0.343358395989975,0.817910447761194,1.07350746268657
"2182","{len=[<=0],bore=[<=0],shape=coil} => {class=3}",0.327067669172932,0.795731707317073,1.04439786585366
"2211","{carbon=[<=0],steel=a,shape=coil} => {class=3}",0.199248120300752,0.775609756097561,1.01798780487805
"2216","{bore=[<=0],steel=a,shape=coil} => {class=3}",0.191729323308271,0.776649746192893,1.01935279187817
"2235","{hardness=[<=0],strength=[<=0],shape=coil} => {class=3}",0.25187969924812,0.823770491803279,1.0811987704918
"2238","{hardness=[<=0],bore=[<=0],shape=coil} => {class=3}",0.24937343358396,0.786561264822134,1.03236166007905
"2241","{carbon=[<=0],strength=[<=0],shape=coil} => {class=3}",0.274436090225564,0.790613718411552,1.03768050541516
"2244","{carbon=[<=0],bore=[<=0],shape=coil} => {class=3}",0.274436090225564,0.773851590106007,1.01568021201413
"2247","{strength=[<=0],bore=[<=0],shape=coil} => {class=3}",0.305764411027569,0.813333333333333,1.0675
"2262","{carbon=[<=0],len=[<=0],steel=a} => {class=3}",0.203007518796992,0.77511961722488,1.01734449760766
"2267","{len=[<=0],bore=[<=0],steel=a} => {class=3}",0.195488721804511,0.776119402985075,1.01865671641791
"2286","{hardness=[<=0],strength=[<=0],len=[<=0]} => {class=3}",0.255639097744361,0.825910931174089,1.08400809716599
"2289","{hardness=[<=0],len=[<=0],bore=[<=0]} => {class=3}",0.2531328320802,0.7890625,1.03564453125
"2292","{carbon=[<=0],strength=[<=0],len=[<=0]} => {class=3}",0.278195488721804,0.790035587188612,1.03692170818505
"2295","{carbon=[<=0],len=[<=0],bore=[<=0]} => {class=3}",0.278195488721804,0.773519163763066,1.01524390243902
"2298","{strength=[<=0],len=[<=0],bore=[<=0]} => {class=3}",0.30952380952381,0.8125,1.06640625
"2312","{hardness=[<=0],steel=a,shape=sheet} => {class=3}",0.180451127819549,0.818181818181818,1.07386363636364
"2315","{carbon=[<=0],steel=a,shape=sheet} => {class=3}",0.246867167919799,0.810699588477366,1.06404320987654
"2318","{strength=[<=0],steel=a,shape=sheet} => {class=3}",0.246867167919799,0.810699588477366,1.06404320987654
"2321","{bore=[<=0],steel=a,shape=sheet} => {class=3}",0.246867167919799,0.810699588477366,1.06404320987654
"2373","{carbon=[<=0],hardness=[<=0],steel=a} => {class=3}",0.288220551378446,0.793103448275862,1.04094827586207
"2376","{hardness=[<=0],strength=[<=0],steel=a} => {class=3}",0.289473684210526,0.785714285714286,1.03125
"2379","{hardness=[<=0],bore=[<=0],steel=a} => {class=3}",0.294486215538847,0.788590604026846,1.03502516778523
"2382","{carbon=[<=0],strength=[<=0],steel=a} => {class=3}",0.43984962406015,0.792325056433409,1.03992663656885
"2386","{carbon=[<=0],bore=[<=0],steel=a} => {class=3}",0.431077694235589,0.798143851508121,1.04756380510441
"2390","{strength=[<=0],bore=[<=0],steel=a} => {class=3}",0.432330827067669,0.793103448275862,1.04094827586207
"2427","{carbon=[<=0],hardness=(0 to 45],strength=[<=0],steel=a} => {class=3}",0.0664160401002506,1,1.3125
"2431","{carbon=[<=0],hardness=(0 to 45],bore=[<=0],steel=a} => {class=3}",0.0664160401002506,1,1.3125
"2435","{hardness=(0 to 45],strength=[<=0],bore=[<=0],steel=a} => {class=3}",0.0664160401002506,1,1.3125
"2444","{carbon=[<=0],hardness=(0 to 45],strength=[<=0],bore=[<=0]} => {class=3}",0.0664160401002506,1,1.3125
"2490","{carbon=[>0],hardness=[<=0],len=[<=0],shape=coil} => {class=3}",0.068922305764411,0.948275862068966,1.24461206896552
"2494","{carbon=[>0],strength=[<=0],len=[<=0],shape=coil} => {class=3}",0.068922305764411,0.948275862068966,1.24461206896552
"2503","{carbon=[>0],hardness=[<=0],strength=[<=0],shape=coil} => {class=3}",0.068922305764411,0.948275862068966,1.24461206896552
"2507","{carbon=[>0],hardness=[<=0],strength=[<=0],len=[<=0]} => {class=3}",0.068922305764411,0.948275862068966,1.24461206896552
"2512","{carbon=[>0],hardness=[<=0],strength=[<=0],bore=[<=0]} => {class=3}",0.0651629072681704,0.945454545454545,1.24090909090909
"2516","{carbon=[<=0],hardness=[<=0],strength=[<=0],thick=[>2.5]} => {class=3}",0.0601503759398496,1,1.3125
"2520","{carbon=[<=0],strength=[<=0],thick=[>2.5],bore=[<=0]} => {class=3}",0.0601503759398496,0.888888888888889,1.16666666666667
"2523","{carbon=[<=0],strength=[<=0],thick=(0.699 to 0.7],shape=sheet} => {class=3}",0.0676691729323308,1,1.3125
"2527","{carbon=[<=0],thick=(0.699 to 0.7],bore=[<=0],shape=sheet} => {class=3}",0.0676691729323308,1,1.3125
"2531","{strength=[<=0],thick=(0.699 to 0.7],bore=[<=0],shape=sheet} => {class=3}",0.0676691729323308,1,1.3125
"2539","{carbon=[<=0],strength=[<=0],thick=(0.699 to 0.7],steel=a} => {class=3}",0.0676691729323308,1,1.3125
"2543","{carbon=[<=0],thick=(0.699 to 0.7],bore=[<=0],steel=a} => {class=3}",0.0676691729323308,1,1.3125
"2547","{strength=[<=0],thick=(0.699 to 0.7],bore=[<=0],steel=a} => {class=3}",0.068922305764411,1,1.3125
"2556","{carbon=[<=0],hardness=[<=0],strength=[<=0],thick=(0.699 to 0.7]} => {class=3}",0.0827067669172932,1,1.3125
"2560","{carbon=[<=0],hardness=[<=0],thick=(0.699 to 0.7],bore=[<=0]} => {class=3}",0.0827067669172932,1,1.3125
"2564","{hardness=[<=0],strength=[<=0],thick=(0.699 to 0.7],bore=[<=0]} => {class=3}",0.0839598997493734,1,1.3125
"2568","{carbon=[<=0],strength=[<=0],thick=(0.699 to 0.7],bore=[<=0]} => {class=3}",0.101503759398496,1,1.3125
"2643","{carbon=[<=0],hardness=[<=0],thick=(0.6 to 0.699],shape=sheet} => {class=3}",0.0601503759398496,1,1.3125
"2647","{hardness=[<=0],strength=[<=0],thick=(0.6 to 0.699],shape=sheet} => {class=3}",0.0601503759398496,1,1.3125
"2651","{hardness=[<=0],thick=(0.6 to 0.699],bore=[<=0],shape=sheet} => {class=3}",0.0601503759398496,1,1.3125
"2655","{carbon=[<=0],strength=[<=0],thick=(0.6 to 0.699],shape=sheet} => {class=3}",0.0714285714285714,1,1.3125
"2659","{carbon=[<=0],thick=(0.6 to 0.699],bore=[<=0],shape=sheet} => {class=3}",0.0714285714285714,1,1.3125
"2663","{strength=[<=0],thick=(0.6 to 0.699],bore=[<=0],shape=sheet} => {class=3}",0.0714285714285714,1,1.3125
"2683","{carbon=[<=0],strength=[<=0],thick=(0.6 to 0.699],steel=a} => {class=3}",0.075187969924812,1,1.3125
"2687","{carbon=[<=0],thick=(0.6 to 0.699],bore=[<=0],steel=a} => {class=3}",0.075187969924812,1,1.3125
"2691","{strength=[<=0],thick=(0.6 to 0.699],bore=[<=0],steel=a} => {class=3}",0.0764411027568922,1,1.3125
"2700","{carbon=[<=0],hardness=[<=0],strength=[<=0],thick=(0.6 to 0.699]} => {class=3}",0.0952380952380952,1,1.3125
"2704","{carbon=[<=0],hardness=[<=0],thick=(0.6 to 0.699],bore=[<=0]} => {class=3}",0.0952380952380952,1,1.3125
"2708","{hardness=[<=0],strength=[<=0],thick=(0.6 to 0.699],bore=[<=0]} => {class=3}",0.0964912280701754,1,1.3125
"2712","{carbon=[<=0],strength=[<=0],thick=(0.6 to 0.699],bore=[<=0]} => {class=3}",0.117794486215539,1,1.3125
"2805","{carbon=[<=0],strength=[<=0],width=(375 to 609.9],shape=sheet} => {class=3}",0.06265664160401,0.862068965517241,1.13146551724138
"2808","{carbon=[<=0],width=(375 to 609.9],bore=[<=0],shape=sheet} => {class=3}",0.06265664160401,0.819672131147541,1.07581967213115
"2811","{strength=[<=0],width=(375 to 609.9],bore=[<=0],shape=sheet} => {class=3}",0.06265664160401,0.862068965517241,1.13146551724138
"2854","{carbon=[<=0],hardness=[<=0],strength=[<=0],width=(375 to 609.9]} => {class=3}",0.0902255639097744,0.827586206896552,1.08620689655172
"2858","{carbon=[<=0],hardness=[<=0],width=(375 to 609.9],bore=[<=0]} => {class=3}",0.0977443609022556,0.795918367346939,1.04464285714286
"2862","{hardness=[<=0],strength=[<=0],width=(375 to 609.9],bore=[<=0]} => {class=3}",0.0914786967418546,0.820224719101124,1.07654494382022
"2866","{carbon=[<=0],strength=[<=0],width=(375 to 609.9],bore=[<=0]} => {class=3}",0.106516290726817,0.794392523364486,1.04264018691589
"2872","{carbon=[<=0],width=(1300 to 1320],len=[<=0],shape=coil} => {class=3}",0.0651629072681704,0.981132075471698,1.2877358490566
"2876","{width=(1300 to 1320],len=[<=0],bore=[<=0],shape=coil} => {class=3}",0.0601503759398496,0.96,1.26
"2885","{carbon=[<=0],width=(1300 to 1320],bore=[<=0],shape=coil} => {class=3}",0.0601503759398496,0.979591836734694,1.28571428571429
"2888","{carbon=[<=0],width=(1300 to 1320],len=[<=0],bore=[<=0]} => {class=3}",0.0601503759398496,0.979591836734694,1.28571428571429
"2891","{carbon=[<=0],hardness=[<=0],width=(1300 to 1320],shape=sheet} => {class=3}",0.06265664160401,0.78125,1.025390625
"2894","{hardness=[<=0],strength=[<=0],width=(1300 to 1320],shape=sheet} => {class=3}",0.0676691729323308,0.805970149253731,1.05783582089552
"2898","{hardness=[<=0],width=(1300 to 1320],bore=[<=0],shape=sheet} => {class=3}",0.0676691729323308,0.794117647058823,1.04227941176471
"2902","{carbon=[<=0],strength=[<=0],width=(1300 to 1320],shape=sheet} => {class=3}",0.0789473684210526,0.818181818181818,1.07386363636364
"2905","{carbon=[<=0],width=(1300 to 1320],bore=[<=0],shape=sheet} => {class=3}",0.0789473684210526,0.807692307692308,1.06009615384615
"2908","{strength=[<=0],width=(1300 to 1320],bore=[<=0],shape=sheet} => {class=3}",0.0839598997493734,0.827160493827161,1.08564814814815
"2928","{carbon=[<=0],strength=[<=0],width=(1300 to 1320],steel=a} => {class=3}",0.0914786967418546,0.986486486486487,1.29476351351351
"2932","{carbon=[<=0],width=(1300 to 1320],bore=[<=0],steel=a} => {class=3}",0.0902255639097744,0.986301369863014,1.29452054794521
"2936","{strength=[<=0],width=(1300 to 1320],bore=[<=0],steel=a} => {class=3}",0.0864661654135338,0.971830985915493,1.27552816901408
"2944","{carbon=[<=0],hardness=[<=0],strength=[<=0],width=(1300 to 1320]} => {class=3}",0.0989974937343358,0.849462365591398,1.11491935483871
"2948","{carbon=[<=0],hardness=[<=0],width=(1300 to 1320],bore=[<=0]} => {class=3}",0.107769423558897,0.851485148514851,1.11757425742574
"2952","{hardness=[<=0],strength=[<=0],width=(1300 to 1320],bore=[<=0]} => {class=3}",0.104010025062657,0.846938775510204,1.11160714285714
"2956","{carbon=[<=0],strength=[<=0],width=(1300 to 1320],bore=[<=0]} => {class=3}",0.130325814536341,0.873949579831933,1.14705882352941
"2980","{hardness=[<=0],len=[>4170],steel=a,shape=sheet} => {class=3}",0.0701754385964912,0.888888888888889,1.16666666666667
"2983","{carbon=[<=0],len=[>4170],steel=a,shape=sheet} => {class=3}",0.0952380952380952,0.883720930232558,1.15988372093023
"2987","{strength=[<=0],len=[>4170],steel=a,shape=sheet} => {class=3}",0.0952380952380952,0.883720930232558,1.15988372093023
"2991","{len=[>4170],bore=[<=0],steel=a,shape=sheet} => {class=3}",0.0952380952380952,0.883720930232558,1.15988372093023
"3017","{carbon=[<=0],hardness=[<=0],len=[>4170],shape=sheet} => {class=3}",0.115288220551378,0.786324786324786,1.03205128205128
"3021","{hardness=[<=0],strength=[<=0],len=[>4170],shape=sheet} => {class=3}",0.115288220551378,0.807017543859649,1.05921052631579
"3025","{hardness=[<=0],len=[>4170],bore=[<=0],shape=sheet} => {class=3}",0.121553884711779,0.795081967213115,1.04354508196721
"3029","{carbon=[<=0],strength=[<=0],len=[>4170],shape=sheet} => {class=3}",0.134085213032581,0.810606060606061,1.06392045454545
"3033","{carbon=[<=0],len=[>4170],bore=[<=0],shape=sheet} => {class=3}",0.140350877192982,0.8,1.05
"3037","{strength=[<=0],len=[>4170],bore=[<=0],shape=sheet} => {class=3}",0.140350877192982,0.817518248175182,1.07299270072993
"3057","{carbon=[<=0],hardness=[<=0],len=[>4170],steel=a} => {class=3}",0.0701754385964912,0.888888888888889,1.16666666666667
"3061","{hardness=[<=0],strength=[<=0],len=[>4170],steel=a} => {class=3}",0.0701754385964912,0.888888888888889,1.16666666666667
"3065","{hardness=[<=0],len=[>4170],bore=[<=0],steel=a} => {class=3}",0.0701754385964912,0.888888888888889,1.16666666666667
"3068","{carbon=[<=0],strength=[<=0],len=[>4170],steel=a} => {class=3}",0.0952380952380952,0.883720930232558,1.15988372093023
"3072","{carbon=[<=0],len=[>4170],bore=[<=0],steel=a} => {class=3}",0.0952380952380952,0.883720930232558,1.15988372093023
"3076","{strength=[<=0],len=[>4170],bore=[<=0],steel=a} => {class=3}",0.0952380952380952,0.883720930232558,1.15988372093023
"3094","{carbon=[<=0],hardness=[<=0],strength=[<=0],len=[>4170]} => {class=3}",0.109022556390977,0.798165137614679,1.04759174311927
"3098","{carbon=[<=0],hardness=[<=0],len=[>4170],bore=[<=0]} => {class=3}",0.115288220551378,0.786324786324786,1.03205128205128
"3102","{hardness=[<=0],strength=[<=0],len=[>4170],bore=[<=0]} => {class=3}",0.115288220551378,0.807017543859649,1.05921052631579
"3106","{carbon=[<=0],strength=[<=0],len=[>4170],bore=[<=0]} => {class=3}",0.134085213032581,0.810606060606061,1.06392045454545
"3175","{hardness=[<=0],len=(759 to 762],steel=a,shape=sheet} => {class=3}",0.0802005012531328,0.842105263157895,1.10526315789474
"3178","{carbon=[<=0],len=(759 to 762],steel=a,shape=sheet} => {class=3}",0.107769423558897,0.843137254901961,1.10661764705882
"3182","{strength=[<=0],len=(759 to 762],steel=a,shape=sheet} => {class=3}",0.107769423558897,0.843137254901961,1.10661764705882
"3186","{len=(759 to 762],bore=[<=0],steel=a,shape=sheet} => {class=3}",0.107769423558897,0.843137254901961,1.10661764705882
"3212","{carbon=[<=0],hardness=[<=0],len=(759 to 762],shape=sheet} => {class=3}",0.141604010025063,0.784722222222222,1.02994791666667
"3216","{hardness=[<=0],strength=[<=0],len=(759 to 762],shape=sheet} => {class=3}",0.139097744360902,0.792857142857143,1.040625
"3220","{hardness=[<=0],len=(759 to 762],bore=[<=0],shape=sheet} => {class=3}",0.147869674185464,0.791946308724832,1.03942953020134
"3224","{carbon=[<=0],strength=[<=0],len=(759 to 762],shape=sheet} => {class=3}",0.160401002506266,0.795031055900621,1.04347826086957
"3228","{carbon=[<=0],len=(759 to 762],bore=[<=0],shape=sheet} => {class=3}",0.169172932330827,0.794117647058823,1.04227941176471
"3232","{strength=[<=0],len=(759 to 762],bore=[<=0],shape=sheet} => {class=3}",0.166666666666667,0.801204819277108,1.0515813253012
"3252","{carbon=[<=0],hardness=[<=0],len=(759 to 762],steel=a} => {class=3}",0.0802005012531328,0.842105263157895,1.10526315789474
"3255","{hardness=[<=0],strength=[<=0],len=(759 to 762],steel=a} => {class=3}",0.0802005012531328,0.842105263157895,1.10526315789474
"3258","{hardness=[<=0],len=(759 to 762],bore=[<=0],steel=a} => {class=3}",0.0802005012531328,0.842105263157895,1.10526315789474
"3261","{carbon=[<=0],strength=[<=0],len=(759 to 762],steel=a} => {class=3}",0.107769423558897,0.843137254901961,1.10661764705882
"3265","{carbon=[<=0],len=(759 to 762],bore=[<=0],steel=a} => {class=3}",0.107769423558897,0.843137254901961,1.10661764705882
"3269","{strength=[<=0],len=(759 to 762],bore=[<=0],steel=a} => {class=3}",0.107769423558897,0.843137254901961,1.10661764705882
"3287","{carbon=[<=0],hardness=[<=0],strength=[<=0],len=(759 to 762]} => {class=3}",0.132832080200501,0.785185185185185,1.03055555555556
"3291","{carbon=[<=0],hardness=[<=0],len=(759 to 762],bore=[<=0]} => {class=3}",0.141604010025063,0.784722222222222,1.02994791666667
"3295","{hardness=[<=0],strength=[<=0],len=(759 to 762],bore=[<=0]} => {class=3}",0.139097744360902,0.792857142857143,1.040625
"3299","{carbon=[<=0],strength=[<=0],len=(759 to 762],bore=[<=0]} => {class=3}",0.160401002506266,0.795031055900621,1.04347826086957
"3353","{hardness=[<=0],len=[<=0],steel=r,shape=coil} => {class=3}",0.0852130325814536,0.860759493670886,1.12974683544304
"3357","{carbon=[<=0],len=[<=0],steel=r,shape=coil} => {class=3}",0.0802005012531328,0.853333333333333,1.12
"3361","{strength=[<=0],len=[<=0],steel=r,shape=coil} => {class=3}",0.0827067669172932,0.88,1.155
"3365","{len=[<=0],bore=[<=0],steel=r,shape=coil} => {class=3}",0.0789473684210526,0.851351351351351,1.11739864864865
"3394","{carbon=[<=0],hardness=[<=0],steel=r,shape=coil} => {class=3}",0.0802005012531328,0.853333333333333,1.12
"3397","{hardness=[<=0],strength=[<=0],steel=r,shape=coil} => {class=3}",0.0827067669172932,0.88,1.155
"3400","{hardness=[<=0],bore=[<=0],steel=r,shape=coil} => {class=3}",0.0789473684210526,0.851351351351351,1.11739864864865
"3403","{carbon=[<=0],strength=[<=0],steel=r,shape=coil} => {class=3}",0.0776942355889724,0.873239436619718,1.14612676056338
"3406","{carbon=[<=0],bore=[<=0],steel=r,shape=coil} => {class=3}",0.0739348370927318,0.842857142857143,1.10625
"3409","{strength=[<=0],bore=[<=0],steel=r,shape=coil} => {class=3}",0.0764411027568922,0.871428571428571,1.14375
"3424","{carbon=[<=0],hardness=[<=0],len=[<=0],steel=r} => {class=3}",0.0802005012531328,0.853333333333333,1.12
"3427","{hardness=[<=0],strength=[<=0],len=[<=0],steel=r} => {class=3}",0.0827067669172932,0.88,1.155
"3430","{hardness=[<=0],len=[<=0],bore=[<=0],steel=r} => {class=3}",0.0789473684210526,0.851351351351351,1.11739864864865
"3433","{carbon=[<=0],strength=[<=0],len=[<=0],steel=r} => {class=3}",0.0776942355889724,0.873239436619718,1.14612676056338
"3436","{carbon=[<=0],len=[<=0],bore=[<=0],steel=r} => {class=3}",0.0739348370927318,0.842857142857143,1.10625
"3439","{strength=[<=0],len=[<=0],bore=[<=0],steel=r} => {class=3}",0.0764411027568922,0.871428571428571,1.14375
"3510","{width=(609.9 to 610],len=[<=0],steel=a,shape=coil} => {class=3}",0.0676691729323308,0.830769230769231,1.09038461538462
"3527","{hardness=[<=0],width=(609.9 to 610],len=[<=0],shape=coil} => {class=3}",0.0764411027568922,0.847222222222222,1.11197916666667
"3531","{carbon=[<=0],width=(609.9 to 610],len=[<=0],shape=coil} => {class=3}",0.0964912280701754,0.846153846153846,1.11057692307692
"3535","{strength=[<=0],width=(609.9 to 610],len=[<=0],shape=coil} => {class=3}",0.106516290726817,0.85,1.115625
"3539","{width=(609.9 to 610],len=[<=0],bore=[<=0],shape=coil} => {class=3}",0.0977443609022556,0.857142857142857,1.125
"3567","{carbon=[<=0],width=(609.9 to 610],steel=a,shape=coil} => {class=3}",0.0664160401002506,0.841269841269841,1.10416666666667
"3570","{strength=[<=0],width=(609.9 to 610],steel=a,shape=coil} => {class=3}",0.0664160401002506,0.828125,1.0869140625
"3573","{width=(609.9 to 610],bore=[<=0],steel=a,shape=coil} => {class=3}",0.0601503759398496,0.842105263157895,1.10526315789474
"3586","{carbon=[<=0],hardness=[<=0],width=(609.9 to 610],shape=coil} => {class=3}",0.0614035087719298,0.830508474576271,1.09004237288136
"3589","{hardness=[<=0],strength=[<=0],width=(609.9 to 610],shape=coil} => {class=3}",0.0714285714285714,0.838235294117647,1.10018382352941
"3592","{hardness=[<=0],width=(609.9 to 610],bore=[<=0],shape=coil} => {class=3}",0.068922305764411,0.833333333333333,1.09375
"3595","{carbon=[<=0],strength=[<=0],width=(609.9 to 610],shape=coil} => {class=3}",0.0914786967418546,0.839080459770115,1.10129310344828
"3598","{carbon=[<=0],width=(609.9 to 610],bore=[<=0],shape=coil} => {class=3}",0.0827067669172932,0.846153846153846,1.11057692307692
"3601","{strength=[<=0],width=(609.9 to 610],bore=[<=0],shape=coil} => {class=3}",0.0952380952380952,0.853932584269663,1.12078651685393
"3615","{carbon=[<=0],width=(609.9 to 610],len=[<=0],steel=a} => {class=3}",0.0664160401002506,0.841269841269841,1.10416666666667
"3618","{strength=[<=0],width=(609.9 to 610],len=[<=0],steel=a} => {class=3}",0.0664160401002506,0.828125,1.0869140625
"3621","{width=(609.9 to 610],len=[<=0],bore=[<=0],steel=a} => {class=3}",0.0601503759398496,0.842105263157895,1.10526315789474
"3634","{carbon=[<=0],hardness=[<=0],width=(609.9 to 610],len=[<=0]} => {class=3}",0.0614035087719298,0.830508474576271,1.09004237288136
"3637","{hardness=[<=0],strength=[<=0],width=(609.9 to 610],len=[<=0]} => {class=3}",0.0714285714285714,0.838235294117647,1.10018382352941
"3640","{hardness=[<=0],width=(609.9 to 610],len=[<=0],bore=[<=0]} => {class=3}",0.068922305764411,0.833333333333333,1.09375
"3643","{carbon=[<=0],strength=[<=0],width=(609.9 to 610],len=[<=0]} => {class=3}",0.0914786967418546,0.839080459770115,1.10129310344828
"3646","{carbon=[<=0],width=(609.9 to 610],len=[<=0],bore=[<=0]} => {class=3}",0.0827067669172932,0.846153846153846,1.11057692307692
"3649","{strength=[<=0],width=(609.9 to 610],len=[<=0],bore=[<=0]} => {class=3}",0.0952380952380952,0.853932584269663,1.12078651685393
"3663","{hardness=[<=0],width=(609.9 to 610],steel=a,shape=sheet} => {class=3}",0.0651629072681704,0.8,1.05
"3666","{carbon=[<=0],width=(609.9 to 610],steel=a,shape=sheet} => {class=3}",0.0839598997493734,0.817073170731707,1.07240853658537
"3669","{strength=[<=0],width=(609.9 to 610],steel=a,shape=sheet} => {class=3}",0.0839598997493734,0.817073170731707,1.07240853658537
"3672","{width=(609.9 to 610],bore=[<=0],steel=a,shape=sheet} => {class=3}",0.0839598997493734,0.817073170731707,1.07240853658537
"3730","{carbon=[<=0],hardness=[<=0],width=(609.9 to 610],steel=a} => {class=3}",0.0964912280701754,0.802083333333333,1.052734375
"3733","{hardness=[<=0],strength=[<=0],width=(609.9 to 610],steel=a} => {class=3}",0.0964912280701754,0.793814432989691,1.04188144329897
"3736","{hardness=[<=0],width=(609.9 to 610],bore=[<=0],steel=a} => {class=3}",0.0964912280701754,0.793814432989691,1.04188144329897
"3739","{carbon=[<=0],strength=[<=0],width=(609.9 to 610],steel=a} => {class=3}",0.149122807017544,0.826388888888889,1.08463541666667
"3743","{carbon=[<=0],width=(609.9 to 610],bore=[<=0],steel=a} => {class=3}",0.142857142857143,0.832116788321168,1.09215328467153
"3747","{strength=[<=0],width=(609.9 to 610],bore=[<=0],steel=a} => {class=3}",0.142857142857143,0.826086956521739,1.08423913043478
"3786","{carbon=[<=0],len=[<=0],steel=a,shape=coil} => {class=3}",0.199248120300752,0.775609756097561,1.01798780487805
"3795","{len=[<=0],bore=[<=0],steel=a,shape=coil} => {class=3}",0.191729323308271,0.776649746192893,1.01935279187817
"3830","{hardness=[<=0],strength=[<=0],len=[<=0],shape=coil} => {class=3}",0.25187969924812,0.823770491803279,1.0811987704918
"3835","{hardness=[<=0],len=[<=0],bore=[<=0],shape=coil} => {class=3}",0.24937343358396,0.786561264822134,1.03236166007905
"3840","{carbon=[<=0],strength=[<=0],len=[<=0],shape=coil} => {class=3}",0.274436090225564,0.790613718411552,1.03768050541516
"3845","{carbon=[<=0],len=[<=0],bore=[<=0],shape=coil} => {class=3}",0.274436090225564,0.773851590106007,1.01568021201413
"3850","{strength=[<=0],len=[<=0],bore=[<=0],shape=coil} => {class=3}",0.305764411027569,0.813333333333333,1.0675
"3881","{carbon=[<=0],strength=[<=0],steel=a,shape=coil} => {class=3}",0.192982456140351,0.77,1.010625
"3885","{carbon=[<=0],bore=[<=0],steel=a,shape=coil} => {class=3}",0.184210526315789,0.781914893617021,1.02626329787234
"3889","{strength=[<=0],bore=[<=0],steel=a,shape=coil} => {class=3}",0.18546365914787,0.770833333333333,1.01171875
"3906","{carbon=[<=0],hardness=[<=0],strength=[<=0],shape=coil} => {class=3}",0.182957393483709,0.78494623655914,1.03024193548387
"3914","{hardness=[<=0],strength=[<=0],bore=[<=0],shape=coil} => {class=3}",0.228070175438596,0.808888888888889,1.06166666666667
"3918","{carbon=[<=0],strength=[<=0],bore=[<=0],shape=coil} => {class=3}",0.2531328320802,0.792156862745098,1.03970588235294
"3932","{carbon=[<=0],strength=[<=0],len=[<=0],steel=a} => {class=3}",0.196741854636591,0.769607843137255,1.01011029411765
"3936","{carbon=[<=0],len=[<=0],bore=[<=0],steel=a} => {class=3}",0.18796992481203,0.78125,1.025390625
"3940","{strength=[<=0],len=[<=0],bore=[<=0],steel=a} => {class=3}",0.18922305764411,0.770408163265306,1.01116071428571
"3957","{carbon=[<=0],hardness=[<=0],strength=[<=0],len=[<=0]} => {class=3}",0.18671679197995,0.788359788359788,1.03472222222222
"3965","{hardness=[<=0],strength=[<=0],len=[<=0],bore=[<=0]} => {class=3}",0.231829573934837,0.81140350877193,1.06496710526316
"3969","{carbon=[<=0],strength=[<=0],len=[<=0],bore=[<=0]} => {class=3}",0.256892230576441,0.791505791505791,1.03885135135135
"3976","{carbon=[<=0],hardness=[<=0],steel=a,shape=sheet} => {class=3}",0.180451127819549,0.818181818181818,1.07386363636364
"3980","{hardness=[<=0],strength=[<=0],steel=a,shape=sheet} => {class=3}",0.180451127819549,0.818181818181818,1.07386363636364
"3984","{hardness=[<=0],bore=[<=0],steel=a,shape=sheet} => {class=3}",0.180451127819549,0.818181818181818,1.07386363636364
"3988","{carbon=[<=0],strength=[<=0],steel=a,shape=sheet} => {class=3}",0.246867167919799,0.810699588477366,1.06404320987654
"3992","{carbon=[<=0],bore=[<=0],steel=a,shape=sheet} => {class=3}",0.246867167919799,0.810699588477366,1.06404320987654
"3996","{strength=[<=0],bore=[<=0],steel=a,shape=sheet} => {class=3}",0.246867167919799,0.810699588477366,1.06404320987654
"4040","{carbon=[<=0],hardness=[<=0],strength=[<=0],steel=a} => {class=3}",0.281954887218045,0.789473684210526,1.03618421052632
"4044","{carbon=[<=0],hardness=[<=0],bore=[<=0],steel=a} => {class=3}",0.286967418546366,0.792387543252595,1.04000865051903
"4048","{hardness=[<=0],strength=[<=0],bore=[<=0],steel=a} => {class=3}",0.288220551378446,0.784982935153584,1.03029010238908
"4052","{carbon=[<=0],strength=[<=0],bore=[<=0],steel=a} => {class=3}",0.424812030075188,0.795774647887324,1.04445422535211
"4066","{carbon=[<=0],hardness=(0 to 45],strength=[<=0],bore=[<=0],steel=a} => {class=3}",0.0664160401002506,1,1.3125
"4080","{carbon=[>0],hardness=[<=0],strength=[<=0],len=[<=0],shape=coil} => {class=3}",0.068922305764411,0.948275862068966,1.24461206896552
"4086","{carbon=[<=0],strength=[<=0],thick=(0.699 to 0.7],bore=[<=0],shape=sheet} => {class=3}",0.0676691729323308,1,1.3125
"4091","{carbon=[<=0],strength=[<=0],thick=(0.699 to 0.7],bore=[<=0],steel=a} => {class=3}",0.0676691729323308,1,1.3125
"4097","{carbon=[<=0],hardness=[<=0],strength=[<=0],thick=(0.699 to 0.7],bore=[<=0]} => {class=3}",0.0827067669172932,1,1.3125
"4131","{carbon=[<=0],hardness=[<=0],strength=[<=0],thick=(0.6 to 0.699],shape=sheet} => {class=3}",0.0601503759398496,1,1.3125
"4136","{carbon=[<=0],hardness=[<=0],thick=(0.6 to 0.699],bore=[<=0],shape=sheet} => {class=3}",0.0601503759398496,1,1.3125
"4141","{hardness=[<=0],strength=[<=0],thick=(0.6 to 0.699],bore=[<=0],shape=sheet} => {class=3}",0.0601503759398496,1,1.3125
"4146","{carbon=[<=0],strength=[<=0],thick=(0.6 to 0.699],bore=[<=0],shape=sheet} => {class=3}",0.0714285714285714,1,1.3125
"4156","{carbon=[<=0],strength=[<=0],thick=(0.6 to 0.699],bore=[<=0],steel=a} => {class=3}",0.075187969924812,1,1.3125
"4162","{carbon=[<=0],hardness=[<=0],strength=[<=0],thick=(0.6 to 0.699],bore=[<=0]} => {class=3}",0.0952380952380952,1,1.3125
"4191","{carbon=[<=0],strength=[<=0],width=(375 to 609.9],bore=[<=0],shape=sheet} => {class=3}",0.06265664160401,0.862068965517241,1.13146551724138
"4210","{carbon=[<=0],hardness=[<=0],strength=[<=0],width=(375 to 609.9],bore=[<=0]} => {class=3}",0.0902255639097744,0.827586206896552,1.08620689655172
"4213","{carbon=[<=0],width=(1300 to 1320],len=[<=0],bore=[<=0],shape=coil} => {class=3}",0.0601503759398496,0.979591836734694,1.28571428571429
"4219","{carbon=[<=0],hardness=[<=0],strength=[<=0],width=(1300 to 1320],shape=sheet} => {class=3}",0.06265664160401,0.793650793650794,1.04166666666667
"4224","{carbon=[<=0],hardness=[<=0],width=(1300 to 1320],bore=[<=0],shape=sheet} => {class=3}",0.06265664160401,0.78125,1.025390625
"4228","{hardness=[<=0],strength=[<=0],width=(1300 to 1320],bore=[<=0],shape=sheet} => {class=3}",0.0676691729323308,0.805970149253731,1.05783582089552
"4233","{carbon=[<=0],strength=[<=0],width=(1300 to 1320],bore=[<=0],shape=sheet} => {class=3}",0.0789473684210526,0.818181818181818,1.07386363636364
"4243","{carbon=[<=0],strength=[<=0],width=(1300 to 1320],bore=[<=0],steel=a} => {class=3}",0.0864661654135338,0.985714285714286,1.29375
"4249","{carbon=[<=0],hardness=[<=0],strength=[<=0],width=(1300 to 1320],bore=[<=0]} => {class=3}",0.0989974937343358,0.849462365591398,1.11491935483871
"4256","{carbon=[<=0],hardness=[<=0],len=[>4170],steel=a,shape=sheet} => {class=3}",0.0701754385964912,0.888888888888889,1.16666666666667
"4261","{hardness=[<=0],strength=[<=0],len=[>4170],steel=a,shape=sheet} => {class=3}",0.0701754385964912,0.888888888888889,1.16666666666667
"4266","{hardness=[<=0],len=[>4170],bore=[<=0],steel=a,shape=sheet} => {class=3}",0.0701754385964912,0.888888888888889,1.16666666666667
"4270","{carbon=[<=0],strength=[<=0],len=[>4170],steel=a,shape=sheet} => {class=3}",0.0952380952380952,0.883720930232558,1.15988372093023
"4275","{carbon=[<=0],len=[>4170],bore=[<=0],steel=a,shape=sheet} => {class=3}",0.0952380952380952,0.883720930232558,1.15988372093023
"4280","{strength=[<=0],len=[>4170],bore=[<=0],steel=a,shape=sheet} => {class=3}",0.0952380952380952,0.883720930232558,1.15988372093023
"4303","{carbon=[<=0],hardness=[<=0],strength=[<=0],len=[>4170],shape=sheet} => {class=3}",0.109022556390977,0.798165137614679,1.04759174311927
"4308","{carbon=[<=0],hardness=[<=0],len=[>4170],bore=[<=0],shape=sheet} => {class=3}",0.115288220551378,0.786324786324786,1.03205128205128
"4313","{hardness=[<=0],strength=[<=0],len=[>4170],bore=[<=0],shape=sheet} => {class=3}",0.115288220551378,0.807017543859649,1.05921052631579
"4318","{carbon=[<=0],strength=[<=0],len=[>4170],bore=[<=0],shape=sheet} => {class=3}",0.134085213032581,0.810606060606061,1.06392045454545
"4328","{carbon=[<=0],hardness=[<=0],strength=[<=0],len=[>4170],steel=a} => {class=3}",0.0701754385964912,0.888888888888889,1.16666666666667
"4333","{carbon=[<=0],hardness=[<=0],len=[>4170],bore=[<=0],steel=a} => {class=3}",0.0701754385964912,0.888888888888889,1.16666666666667
"4338","{hardness=[<=0],strength=[<=0],len=[>4170],bore=[<=0],steel=a} => {class=3}",0.0701754385964912,0.888888888888889,1.16666666666667
"4343","{carbon=[<=0],strength=[<=0],len=[>4170],bore=[<=0],steel=a} => {class=3}",0.0952380952380952,0.883720930232558,1.15988372093023
"4353","{carbon=[<=0],hardness=[<=0],strength=[<=0],len=[>4170],bore=[<=0]} => {class=3}",0.109022556390977,0.798165137614679,1.04759174311927
"4396","{carbon=[<=0],hardness=[<=0],len=(759 to 762],steel=a,shape=sheet} => {class=3}",0.0802005012531328,0.842105263157895,1.10526315789474
"4400","{hardness=[<=0],strength=[<=0],len=(759 to 762],steel=a,shape=sheet} => {class=3}",0.0802005012531328,0.842105263157895,1.10526315789474
"4404","{hardness=[<=0],len=(759 to 762],bore=[<=0],steel=a,shape=sheet} => {class=3}",0.0802005012531328,0.842105263157895,1.10526315789474
"4408","{carbon=[<=0],strength=[<=0],len=(759 to 762],steel=a,shape=sheet} => {class=3}",0.107769423558897,0.843137254901961,1.10661764705882
"4413","{carbon=[<=0],len=(759 to 762],bore=[<=0],steel=a,shape=sheet} => {class=3}",0.107769423558897,0.843137254901961,1.10661764705882
"4418","{strength=[<=0],len=(759 to 762],bore=[<=0],steel=a,shape=sheet} => {class=3}",0.107769423558897,0.843137254901961,1.10661764705882
"4441","{carbon=[<=0],hardness=[<=0],strength=[<=0],len=(759 to 762],shape=sheet} => {class=3}",0.132832080200501,0.785185185185185,1.03055555555556
"4446","{carbon=[<=0],hardness=[<=0],len=(759 to 762],bore=[<=0],shape=sheet} => {class=3}",0.141604010025063,0.784722222222222,1.02994791666667
"4451","{hardness=[<=0],strength=[<=0],len=(759 to 762],bore=[<=0],shape=sheet} => {class=3}",0.139097744360902,0.792857142857143,1.040625
"4456","{carbon=[<=0],strength=[<=0],len=(759 to 762],bore=[<=0],shape=sheet} => {class=3}",0.160401002506266,0.795031055900621,1.04347826086957
"4466","{carbon=[<=0],hardness=[<=0],strength=[<=0],len=(759 to 762],steel=a} => {class=3}",0.0802005012531328,0.842105263157895,1.10526315789474
"4471","{carbon=[<=0],hardness=[<=0],len=(759 to 762],bore=[<=0],steel=a} => {class=3}",0.0802005012531328,0.842105263157895,1.10526315789474
"4475","{hardness=[<=0],strength=[<=0],len=(759 to 762],bore=[<=0],steel=a} => {class=3}",0.0802005012531328,0.842105263157895,1.10526315789474
"4479","{carbon=[<=0],strength=[<=0],len=(759 to 762],bore=[<=0],steel=a} => {class=3}",0.107769423558897,0.843137254901961,1.10661764705882
"4489","{carbon=[<=0],hardness=[<=0],strength=[<=0],len=(759 to 762],bore=[<=0]} => {class=3}",0.132832080200501,0.785185185185185,1.03055555555556
"4524","{carbon=[<=0],hardness=[<=0],len=[<=0],steel=r,shape=coil} => {class=3}",0.0802005012531328,0.853333333333333,1.12
"4529","{hardness=[<=0],strength=[<=0],len=[<=0],steel=r,shape=coil} => {class=3}",0.0827067669172932,0.88,1.155
"4534","{hardness=[<=0],len=[<=0],bore=[<=0],steel=r,shape=coil} => {class=3}",0.0789473684210526,0.851351351351351,1.11739864864865
"4539","{carbon=[<=0],strength=[<=0],len=[<=0],steel=r,shape=coil} => {class=3}",0.0776942355889724,0.873239436619718,1.14612676056338
"4544","{carbon=[<=0],len=[<=0],bore=[<=0],steel=r,shape=coil} => {class=3}",0.0739348370927318,0.842857142857143,1.10625
"4549","{strength=[<=0],len=[<=0],bore=[<=0],steel=r,shape=coil} => {class=3}",0.0764411027568922,0.871428571428571,1.14375
"4575","{carbon=[<=0],hardness=[<=0],strength=[<=0],steel=r,shape=coil} => {class=3}",0.0776942355889724,0.873239436619718,1.14612676056338
"4579","{carbon=[<=0],hardness=[<=0],bore=[<=0],steel=r,shape=coil} => {class=3}",0.0739348370927318,0.842857142857143,1.10625
"4583","{hardness=[<=0],strength=[<=0],bore=[<=0],steel=r,shape=coil} => {class=3}",0.0764411027568922,0.871428571428571,1.14375
"4587","{carbon=[<=0],strength=[<=0],bore=[<=0],steel=r,shape=coil} => {class=3}",0.0714285714285714,0.863636363636364,1.13352272727273
"4595","{carbon=[<=0],hardness=[<=0],strength=[<=0],len=[<=0],steel=r} => {class=3}",0.0776942355889724,0.873239436619718,1.14612676056338
"4599","{carbon=[<=0],hardness=[<=0],len=[<=0],bore=[<=0],steel=r} => {class=3}",0.0739348370927318,0.842857142857143,1.10625
"4603","{hardness=[<=0],strength=[<=0],len=[<=0],bore=[<=0],steel=r} => {class=3}",0.0764411027568922,0.871428571428571,1.14375
"4607","{carbon=[<=0],strength=[<=0],len=[<=0],bore=[<=0],steel=r} => {class=3}",0.0714285714285714,0.863636363636364,1.13352272727273
"4642","{carbon=[<=0],width=(609.9 to 610],len=[<=0],steel=a,shape=coil} => {class=3}",0.0664160401002506,0.841269841269841,1.10416666666667
"4647","{strength=[<=0],width=(609.9 to 610],len=[<=0],steel=a,shape=coil} => {class=3}",0.0664160401002506,0.828125,1.0869140625
"4652","{width=(609.9 to 610],len=[<=0],bore=[<=0],steel=a,shape=coil} => {class=3}",0.0601503759398496,0.842105263157895,1.10526315789474
"4673","{carbon=[<=0],hardness=[<=0],width=(609.9 to 610],len=[<=0],shape=coil} => {class=3}",0.0614035087719298,0.830508474576271,1.09004237288136
"4678","{hardness=[<=0],strength=[<=0],width=(609.9 to 610],len=[<=0],shape=coil} => {class=3}",0.0714285714285714,0.838235294117647,1.10018382352941
"4683","{hardness=[<=0],width=(609.9 to 610],len=[<=0],bore=[<=0],shape=coil} => {class=3}",0.068922305764411,0.833333333333333,1.09375
"4688","{carbon=[<=0],strength=[<=0],width=(609.9 to 610],len=[<=0],shape=coil} => {class=3}",0.0914786967418546,0.839080459770115,1.10129310344828
"4693","{carbon=[<=0],width=(609.9 to 610],len=[<=0],bore=[<=0],shape=coil} => {class=3}",0.0827067669172932,0.846153846153846,1.11057692307692
"4698","{strength=[<=0],width=(609.9 to 610],len=[<=0],bore=[<=0],shape=coil} => {class=3}",0.0952380952380952,0.853932584269663,1.12078651685393
"4723","{carbon=[<=0],strength=[<=0],width=(609.9 to 610],steel=a,shape=coil} => {class=3}",0.0651629072681704,0.838709677419355,1.1008064516129
"4732","{hardness=[<=0],strength=[<=0],width=(609.9 to 610],bore=[<=0],shape=coil} => {class=3}",0.0664160401002506,0.828125,1.0869140625
"4736","{carbon=[<=0],strength=[<=0],width=(609.9 to 610],bore=[<=0],shape=coil} => {class=3}",0.0802005012531328,0.842105263157895,1.10526315789474
"4743","{carbon=[<=0],strength=[<=0],width=(609.9 to 610],len=[<=0],steel=a} => {class=3}",0.0651629072681704,0.838709677419355,1.1008064516129
"4752","{hardness=[<=0],strength=[<=0],width=(609.9 to 610],len=[<=0],bore=[<=0]} => {class=3}",0.0664160401002506,0.828125,1.0869140625
"4756","{carbon=[<=0],strength=[<=0],width=(609.9 to 610],len=[<=0],bore=[<=0]} => {class=3}",0.0802005012531328,0.842105263157895,1.10526315789474
"4763","{carbon=[<=0],hardness=[<=0],width=(609.9 to 610],steel=a,shape=sheet} => {class=3}",0.0651629072681704,0.8,1.05
"4768","{hardness=[<=0],strength=[<=0],width=(609.9 to 610],steel=a,shape=sheet} => {class=3}",0.0651629072681704,0.8,1.05
"4772","{hardness=[<=0],width=(609.9 to 610],bore=[<=0],steel=a,shape=sheet} => {class=3}",0.0651629072681704,0.8,1.05
"4776","{carbon=[<=0],strength=[<=0],width=(609.9 to 610],steel=a,shape=sheet} => {class=3}",0.0839598997493734,0.817073170731707,1.07240853658537
"4780","{carbon=[<=0],width=(609.9 to 610],bore=[<=0],steel=a,shape=sheet} => {class=3}",0.0839598997493734,0.817073170731707,1.07240853658537
"4784","{strength=[<=0],width=(609.9 to 610],bore=[<=0],steel=a,shape=sheet} => {class=3}",0.0839598997493734,0.817073170731707,1.07240853658537
"4831","{carbon=[<=0],hardness=[<=0],strength=[<=0],width=(609.9 to 610],steel=a} => {class=3}",0.0952380952380952,0.8,1.05
"4835","{carbon=[<=0],hardness=[<=0],width=(609.9 to 610],bore=[<=0],steel=a} => {class=3}",0.0952380952380952,0.8,1.05
"4839","{hardness=[<=0],strength=[<=0],width=(609.9 to 610],bore=[<=0],steel=a} => {class=3}",0.0952380952380952,0.791666666666667,1.0390625
"4843","{carbon=[<=0],strength=[<=0],width=(609.9 to 610],bore=[<=0],steel=a} => {class=3}",0.141604010025063,0.830882352941177,1.09053308823529
"4868","{carbon=[<=0],strength=[<=0],len=[<=0],steel=a,shape=coil} => {class=3}",0.192982456140351,0.77,1.010625
"4874","{carbon=[<=0],len=[<=0],bore=[<=0],steel=a,shape=coil} => {class=3}",0.184210526315789,0.781914893617021,1.02626329787234
"4880","{strength=[<=0],len=[<=0],bore=[<=0],steel=a,shape=coil} => {class=3}",0.18546365914787,0.770833333333333,1.01171875
"4907","{carbon=[<=0],hardness=[<=0],strength=[<=0],len=[<=0],shape=coil} => {class=3}",0.182957393483709,0.78494623655914,1.03024193548387
"4919","{hardness=[<=0],strength=[<=0],len=[<=0],bore=[<=0],shape=coil} => {class=3}",0.228070175438596,0.808888888888889,1.06166666666667
"4925","{carbon=[<=0],strength=[<=0],len=[<=0],bore=[<=0],shape=coil} => {class=3}",0.2531328320802,0.792156862745098,1.03970588235294
"4946","{carbon=[<=0],strength=[<=0],bore=[<=0],steel=a,shape=coil} => {class=3}",0.177944862155388,0.775956284153005,1.01844262295082
"4956","{carbon=[<=0],hardness=[<=0],strength=[<=0],bore=[<=0],shape=coil} => {class=3}",0.175438596491228,0.777777777777778,1.02083333333333
"4969","{carbon=[<=0],strength=[<=0],len=[<=0],bore=[<=0],steel=a} => {class=3}",0.181704260651629,0.775401069518717,1.01771390374332
"4979","{carbon=[<=0],hardness=[<=0],strength=[<=0],len=[<=0],bore=[<=0]} => {class=3}",0.179197994987469,0.781420765027322,1.02561475409836
"4983","{carbon=[<=0],hardness=[<=0],strength=[<=0],steel=a,shape=sheet} => {class=3}",0.180451127819549,0.818181818181818,1.07386363636364
"4989","{carbon=[<=0],hardness=[<=0],bore=[<=0],steel=a,shape=sheet} => {class=3}",0.180451127819549,0.818181818181818,1.07386363636364
"4994","{hardness=[<=0],strength=[<=0],bore=[<=0],steel=a,shape=sheet} => {class=3}",0.180451127819549,0.818181818181818,1.07386363636364
"4999","{carbon=[<=0],strength=[<=0],bore=[<=0],steel=a,shape=sheet} => {class=3}",0.246867167919799,0.810699588477366,1.06404320987654
"5016","{carbon=[<=0],hardness=[<=0],strength=[<=0],bore=[<=0],steel=a} => {class=3}",0.280701754385965,0.788732394366197,1.03521126760563
"5027","{carbon=[<=0],hardness=[<=0],strength=[<=0],thick=(0.6 to 0.699],bore=[<=0],shape=sheet} => {class=3}",0.0601503759398496,1,1.3125
"5033","{carbon=[<=0],hardness=[<=0],strength=[<=0],width=(1300 to 1320],bore=[<=0],shape=sheet} => {class=3}",0.06265664160401,0.793650793650794,1.04166666666667
"5038","{carbon=[<=0],hardness=[<=0],strength=[<=0],len=[>4170],steel=a,shape=sheet} => {class=3}",0.0701754385964912,0.888888888888889,1.16666666666667
"5044","{carbon=[<=0],hardness=[<=0],len=[>4170],bore=[<=0],steel=a,shape=sheet} => {class=3}",0.0701754385964912,0.888888888888889,1.16666666666667
"5050","{hardness=[<=0],strength=[<=0],len=[>4170],bore=[<=0],steel=a,shape=sheet} => {class=3}",0.0701754385964912,0.888888888888889,1.16666666666667
"5056","{carbon=[<=0],strength=[<=0],len=[>4170],bore=[<=0],steel=a,shape=sheet} => {class=3}",0.0952380952380952,0.883720930232558,1.15988372093023
"5068","{carbon=[<=0],hardness=[<=0],strength=[<=0],len=[>4170],bore=[<=0],shape=sheet} => {class=3}",0.109022556390977,0.798165137614679,1.04759174311927
"5074","{carbon=[<=0],hardness=[<=0],strength=[<=0],len=[>4170],bore=[<=0],steel=a} => {class=3}",0.0701754385964912,0.888888888888889,1.16666666666667
"5089","{carbon=[<=0],hardness=[<=0],strength=[<=0],len=(759 to 762],steel=a,shape=sheet} => {class=3}",0.0802005012531328,0.842105263157895,1.10526315789474
"5095","{carbon=[<=0],hardness=[<=0],len=(759 to 762],bore=[<=0],steel=a,shape=sheet} => {class=3}",0.0802005012531328,0.842105263157895,1.10526315789474
"5100","{hardness=[<=0],strength=[<=0],len=(759 to 762],bore=[<=0],steel=a,shape=sheet} => {class=3}",0.0802005012531328,0.842105263157895,1.10526315789474
"5105","{carbon=[<=0],strength=[<=0],len=(759 to 762],bore=[<=0],steel=a,shape=sheet} => {class=3}",0.107769423558897,0.843137254901961,1.10661764705882
"5117","{carbon=[<=0],hardness=[<=0],strength=[<=0],len=(759 to 762],bore=[<=0],shape=sheet} => {class=3}",0.132832080200501,0.785185185185185,1.03055555555556
"5123","{carbon=[<=0],hardness=[<=0],strength=[<=0],len=(759 to 762],bore=[<=0],steel=a} => {class=3}",0.0802005012531328,0.842105263157895,1.10526315789474
"5133","{carbon=[<=0],hardness=[<=0],strength=[<=0],len=[<=0],steel=r,shape=coil} => {class=3}",0.0776942355889724,0.873239436619718,1.14612676056338
"5139","{carbon=[<=0],hardness=[<=0],len=[<=0],bore=[<=0],steel=r,shape=coil} => {class=3}",0.0739348370927318,0.842857142857143,1.10625
"5145","{hardness=[<=0],strength=[<=0],len=[<=0],bore=[<=0],steel=r,shape=coil} => {class=3}",0.0764411027568922,0.871428571428571,1.14375
"5151","{carbon=[<=0],strength=[<=0],len=[<=0],bore=[<=0],steel=r,shape=coil} => {class=3}",0.0714285714285714,0.863636363636364,1.13352272727273
"5164","{carbon=[<=0],hardness=[<=0],strength=[<=0],bore=[<=0],steel=r,shape=coil} => {class=3}",0.0714285714285714,0.863636363636364,1.13352272727273
"5169","{carbon=[<=0],hardness=[<=0],strength=[<=0],len=[<=0],bore=[<=0],steel=r} => {class=3}",0.0714285714285714,0.863636363636364,1.13352272727273
"5178","{carbon=[<=0],strength=[<=0],width=(609.9 to 610],len=[<=0],steel=a,shape=coil} => {class=3}",0.0651629072681704,0.838709677419355,1.1008064516129
"5191","{hardness=[<=0],strength=[<=0],width=(609.9 to 610],len=[<=0],bore=[<=0],shape=coil} => {class=3}",0.0664160401002506,0.828125,1.0869140625
"5197","{carbon=[<=0],strength=[<=0],width=(609.9 to 610],len=[<=0],bore=[<=0],shape=coil} => {class=3}",0.0802005012531328,0.842105263157895,1.10526315789474
"5209","{carbon=[<=0],hardness=[<=0],strength=[<=0],width=(609.9 to 610],steel=a,shape=sheet} => {class=3}",0.0651629072681704,0.8,1.05
"5215","{carbon=[<=0],hardness=[<=0],width=(609.9 to 610],bore=[<=0],steel=a,shape=sheet} => {class=3}",0.0651629072681704,0.8,1.05
"5221","{hardness=[<=0],strength=[<=0],width=(609.9 to 610],bore=[<=0],steel=a,shape=sheet} => {class=3}",0.0651629072681704,0.8,1.05
"5226","{carbon=[<=0],strength=[<=0],width=(609.9 to 610],bore=[<=0],steel=a,shape=sheet} => {class=3}",0.0839598997493734,0.817073170731707,1.07240853658537
"5243","{carbon=[<=0],hardness=[<=0],strength=[<=0],width=(609.9 to 610],bore=[<=0],steel=a} => {class=3}",0.093984962406015,0.797872340425532,1.04720744680851
"5263","{carbon=[<=0],strength=[<=0],len=[<=0],bore=[<=0],steel=a,shape=coil} => {class=3}",0.177944862155388,0.775956284153005,1.01844262295082
"5277","{carbon=[<=0],hardness=[<=0],strength=[<=0],len=[<=0],bore=[<=0],shape=coil} => {class=3}",0.175438596491228,0.777777777777778,1.02083333333333
"5292","{carbon=[<=0],hardness=[<=0],strength=[<=0],bore=[<=0],steel=a,shape=sheet} => {class=3}",0.180451127819549,0.818181818181818,1.07386363636364
"5299","{carbon=[<=0],hardness=[<=0],strength=[<=0],len=[>4170],bore=[<=0],steel=a,shape=sheet} => {class=3}",0.0701754385964912,0.888888888888889,1.16666666666667
"5306","{carbon=[<=0],hardness=[<=0],strength=[<=0],len=(759 to 762],bore=[<=0],steel=a,shape=sheet} => {class=3}",0.0802005012531328,0.842105263157895,1.10526315789474
"5313","{carbon=[<=0],hardness=[<=0],strength=[<=0],len=[<=0],bore=[<=0],steel=r,shape=coil} => {class=3}",0.0714285714285714,0.863636363636364,1.13352272727273
"5320","{carbon=[<=0],hardness=[<=0],strength=[<=0],width=(609.9 to 610],bore=[<=0],steel=a,shape=sheet} => {class=3}",0.0651629072681704,0.8,1.05
